Rk,Player,Pos,Country_Code,Squad,Age,Born,90s,Gls,Sh,SoT,shots_conv_rate,shots_on_target_conv_rate
1,Teresa Abelleira,MF,ES,Spain,23,2000,6.7,1,10,4,0.1,0.25
2,Deborah Abiodun,MF,NG,Nigeria,19,2003,1,0,1,0,0.0,0.0
3,Adriana,MF,BR,Brazil,26,1996,2.9,0,8,2,0.0,0.0
4,Lily Agg,MF,IE,Rep. of Ireland,29,1993,1.2,0,1,1,0.0,0.0
5,Eseosa Aigbogun,DF,CH,Switzerland,30,1993,3.5,0,0,0,0.0,0.0
6,Rasheedat Ajibade,FW,NG,Nigeria,23,1999,3.3,0,6,3,0.0,0.0
7,Michelle Alozie,DF,NG,Nigeria,26,1997,4.3,0,6,0,0.0,0.0
8,Katherine Alvarado,MF,CR,Costa Rica,32,1991,3,0,0,0,0.0,0.0
9,Lúcia Alves,DF,PT,Portugal,25,1997,1.1,0,2,2,0.0,0.0
10,Catarina Amado,DF,PT,Portugal,23,1999,1.8,0,0,0,0.0,0.0
11,Salma Amani,FW,MA,Morocco,33,1989,1.2,0,2,1,0.0,0.0
12,Jonna Andersson,DF,SE,Sweden,30,1993,6.3,0,2,0,0.0,0.0
13,Lady Andrade,FW,CO,Colombia,31,1992,0.6,0,0,0,0.0,0.0
14,Ivana Andrés,DF,ES,Spain,28,1994,2.7,0,4,2,0.0,0.0
15,Andressa,FW,BR,Brazil,30,1992,0.4,0,1,1,0.0,0.0
16,Filippa Angeldahl,MF,SE,Sweden,25,1997,5.8,1,12,4,0.083,0.25
17,Nguyễn Thị Mỹ Anh,DF|MF,VN,Vietnam,28,1994,1,0,0,0,0.0,0.0
18,Tahnai Annis,DF,PH,Philippines,33,1989,0.2,0,0,0,0.0,0.0
19,Antônia,DF,BR,Brazil,29,1994,2.5,0,3,1,0.0,0.0
20,Nicole Anyomi,FW,DE,Germany,23,2000,0.5,0,0,0,0.0,0.0
21,Carolina Arias,DF,CO,Colombia,32,1990,4.1,0,0,0,0.0,0.0
22,Daniela Arias,DF,CO,Colombia,28,1994,5,0,3,2,0.0,0.0
23,Mackenzie Arnold,GK,AU,Australia,29,1994,7.3,0,0,0,0.0,0.0
24,Ary Borges,MF,BR,Brazil,23,1999,2.3,3,7,4,0.429,0.75
25,Kosovare Asllani,MF,SE,Sweden,33,1989,5.1,1,5,3,0.2,0.333
26,Viviane Asseyi,FW|MF,FR,France,29,1993,0.5,0,0,0,0.0,0.0
27,Izzy Atkinson,MF|DF,IE,Rep. of Ireland,21,2001,0.3,0,0,0,0.0,0.0
28,Rosella Ayane,FW,MA,Morocco,27,1996,1.5,0,1,0,0.0,0.0
29,Halimatu Ayinde,MF,NG,Nigeria,28,1995,2.8,0,2,0,0.0,0.0
30,Selma Bacha,MF,FR,France,22,2000,3.8,0,9,0,0.0,0.0
31,Ramona Bachmann,MF|FW,CH,Switzerland,32,1990,3.7,1,5,0,0.2,0.0
32,Najat Badri,MF,MA,Morocco,35,1988,0.2,0,0,0,0.0,0.0
33,Jill Baijings,FW,NL,Netherlands,22,2001,0,0,0,0,0.0,0.0
34,Yenith Bailey,GK,PA,Panama,22,2001,3,0,0,0,0.0,0.0
35,Stine Ballisager Pedersen,DF,DK,Denmark,29,1994,2.8,0,0,0,0.0,0.0
36,Carina Baltrip-Reyes,DF,PA,Panama,24,1998,3,0,1,1,0.0,0.0
37,Barbra Banda,FW,ZM,Zambia,23,2000,3,1,8,3,0.125,0.333
38,Susan Banda,MF,ZM,Zambia,28,1995,2.4,0,1,0,0.0,0.0
39,Estefanía Banini,MF|FW,AR,Argentina,32,1990,3,0,3,1,0.0,0.0
40,Alicia Barker,DF,PH,Philippines,25,1998,2.4,0,0,0,0.0,0.0
41,Amber Barrett,FW,IE,Rep. of Ireland,27,1996,0.3,0,0,0,0.0,0.0
42,Elisa Bartoli,DF,IT,Italy,32,1991,0.3,0,0,0,0.0,0.0
43,Ona Batlle,DF,ES,Spain,24,1999,6.8,0,4,1,0.0,0.0
44,Angela Beard,DF,PH,Philippines,25,1997,3,0,2,1,0.0,0.0
45,Beatriz,FW|MF,BR,Brazil,29,1993,1.3,1,9,3,0.111,0.333
46,Chiara Beccari,FW,IT,Italy,18,2004,2.7,0,4,0,0.0,0.0
47,Vicki Bècho,MF|FW,FR,France,19,2003,2.5,1,6,4,0.167,0.25
48,Lorena Bedoya,MF,CO,Colombia,25,1997,4.9,0,7,3,0.0,0.0
49,Lineth Beerensteyn,FW,NL,Netherlands,26,1996,3.3,1,12,4,0.083,0.25
50,Margaret Belemu,DF,ZM,Zambia,26,1997,3,0,1,0,0.0,0.0
51,Mariana Benavides,DF,CR,Costa Rica,28,1994,3,0,1,1,0.0,0.0
52,Lorena Benítez,MF,AR,Argentina,24,1998,1.5,0,1,0,0.0,0.0
53,Hanna Bennison,MF,SE,Sweden,20,2002,1.6,0,1,0,0.0,0.0
54,Nouhaila Benzina,DF,MA,Morocco,25,1998,3,0,1,0,0.0,0.0
55,Guro Bergsvand,DF,NO,Norway,29,1994,0.1,0,0,0,0.0,0.0
56,Kholosa Biyana,MF,ZA,South Africa,28,1994,2.3,0,4,1,0.0,0.0
57,Thea Bjelde,DF,NO,Norway,23,2000,3.7,0,0,0,0.0,0.0
58,Nathalie Björn,DF,SE,Sweden,26,1997,6.3,0,4,0,0.0,0.0
59,Stina Blackstenius,FW,SE,Sweden,27,1996,5.5,1,12,3,0.083,0.333
60,Deneisha Blackwood,DF,JM,Jamaica,26,1997,4,0,2,1,0.0,0.0
61,Julie Blakstad,FW,NO,Norway,21,2001,0.6,0,0,0,0.0,0.0
62,Rebecka Blomqvist,FW,SE,Sweden,25,1997,1.8,3,3,3,1.0,1.0
63,Lisa Boattin,DF,IT,Italy,26,1997,3,0,3,1,0.0,0.0
64,Sarina Bolden,FW,PH,Philippines,26,1996,2.6,1,1,1,1.0,1.0
65,Barbara Bonansea,FW,IT,Italy,32,1991,2.3,0,2,0,0.0,0.0
66,Aitana Bonmatí,MF,ES,Spain,25,1998,6.5,3,19,6,0.158,0.5
67,Florencia Bonsegundo,FW|MF,AR,Argentina,29,1993,2.4,0,5,2,0.0,0.0
68,Roselord Borgella,FW|MF,HT,Haiti,30,1993,2.1,0,4,0,0.0,0.0
69,Ana Borges,DF,PT,Portugal,32,1990,3,0,0,0,0.0,0.0
70,CJ Bott,DF,NZ,New Zealand,28,1995,3,0,5,1,0.0,0.0
71,Sofia Bouftini,MF,MA,Morocco,21,2002,0.4,0,1,0,0.0,0.0
72,Katie Bowen,DF,NZ,New Zealand,29,1994,3,0,3,0,0.0,0.0
73,Simone Boye Sørensen,DF,DK,Denmark,31,1992,4,0,2,0,0.0,0.0
74,Jule Brand,FW,DE,Germany,20,2002,2.9,0,2,0,0.0,0.0
75,Marit Bratberg Lund,DF,NO,Norway,25,1997,0,0,0,0,0.0,0.0
76,Sophia Braun,MF|DF,AR,Argentina,22,2000,3,1,2,1,0.5,1.0
77,Millie Bright,DF,EN,England,29,1993,7.3,0,5,0,0.0,0.0
78,Lucy Bronze,DF,EN,England,31,1991,7.1,0,8,0,0.0,0.0
79,Courtney Brosnan,GK,IE,Rep. of Ireland,27,1995,3,0,0,0,0.0,0.0
80,Jody Brown,MF,JM,Jamaica,21,2002,3.7,0,2,0,0.0,0.0
81,Esmee Brugts,FW,NL,Netherlands,19,2003,4.8,2,8,4,0.25,0.5
82,Bruninha,DF,BR,Brazil,20,2002,0.4,0,1,0,0.0,0.0
83,Signe Bruun,FW,DK,Denmark,25,1998,0.9,0,4,0,0.0,0.0
84,Kadeisha Buchanan,DF,CA,Canada,27,1995,2.5,0,1,0,0.0,0.0
85,Ryley Bugay,MF|DF,PH,Philippines,27,1996,0.3,0,0,0,0.0,0.0
86,Klara Bühl,FW,DE,Germany,22,2000,2.2,1,8,1,0.125,1.0
87,Luana Bühler,DF,CH,Switzerland,27,1996,1,0,0,0,0.0,0.0
88,Claudia Bunge,DF,NZ,New Zealand,23,1999,0.6,0,1,1,0.0,0.0
89,Vilde Bøe Risa,MF,NO,Norway,27,1995,2.8,0,2,0,0.0,0.0
90,Linda Caicedo,FW,CO,Colombia,18,2005,5,2,8,2,0.25,1.0
91,Mariona Caldentey,FW,ES,Spain,27,1996,5,1,8,2,0.125,0.5
92,Diane Caldwell,DF,IE,Rep. of Ireland,34,1988,0,0,0,0,0.0,0.0
93,Viola Calligaris,DF|MF,CH,Switzerland,27,1996,0.6,0,0,0,0.0,0.0
94,Tiffany Cameron,DF|MF,JM,Jamaica,31,1991,1.7,0,1,0,0.0,0.0
95,Sofia Cantore,FW,IT,Italy,23,1999,1.3,0,5,2,0.0,0.0
96,Ana Capeta,FW|MF,PT,Portugal,25,1997,0.3,0,1,0,0.0,0.0
97,Jorelyn Carabalí,DF,CO,Colombia,26,1997,5,0,2,0,0.0,0.0
98,Olga Carmona,DF,ES,Spain,23,2000,4.8,2,11,4,0.182,0.5
99,Ellie Carpenter,DF,AU,Australia,23,2000,7.1,0,4,1,0.0,0.0
100,Jess Carter,DF,EN,England,25,1997,6.3,0,0,0,0.0,0.0
101,Trudi Carter,MF,JM,Jamaica,28,1994,1.4,0,2,0,0.0,0.0
102,Kyra Carusa,FW,IE,Rep. of Ireland,27,1995,2.7,0,7,4,0.0,0.0
103,Arianna Caruso,MF,IT,Italy,23,1999,2.3,2,4,2,0.5,1.0
104,Estelle Cascarino,DF,FR,France,26,1997,2.1,0,1,1,0.0,0.0
105,Kerstin Casparij,FW|DF,NL,Netherlands,22,2000,0.8,0,1,0,0.0,0.0
106,Katherine Castillo,DF,PA,Panama,27,1996,2,0,1,0,0.0,0.0
107,Steph Catley,DF,AU,Australia,29,1994,7.3,2,2,1,1.0,2.0
108,Emily Cedeño,FW|MF,PA,Panama,19,2003,2,0,2,0,0.0,0.0
109,Lineth Cedeño,FW,PA,Panama,22,2000,1.3,1,2,1,0.5,1.0
110,Valentina Cernoia,MF,IT,Italy,31,1991,0.2,0,0,0,0.0,0.0
111,Noxolo Cesane,MF,ZA,South Africa,22,2000,0.6,0,0,0,0.0,0.0
112,Ivonne Chacón,MF|FW,CO,Colombia,25,1997,0.2,0,3,0,0.0,0.0
113,Nesryne El Chad,DF,MA,Morocco,20,2003,3.1,0,2,1,0.0,0.0
114,Kang Chae-rim,FW|MF,KR,Korea Republic,25,1998,0.3,0,0,0,0.0,0.0
115,Olivia Chance,FW|MF,NZ,New Zealand,29,1993,1,0,1,0,0.0,0.0
116,Hellen Chanda,MF,ZM,Zambia,24,1998,1,0,1,0,0.0,0.0
117,Allysha Chapman,DF,CA,Canada,34,1989,0.7,0,0,0,0.0,0.0
118,Niamh Charles,DF|MF,EN,England,23,1999,0.2,0,0,0,0.0,0.0
119,Gabriela Chávez,DF,AR,Argentina,34,1989,0.2,0,0,0,0.0,0.0
120,Ghizlane Chebbak,MF,MA,Morocco,32,1990,4,0,4,2,0.0,0.0
121,Gao Chen,DF,CN,China PR,30,1992,0.1,0,0,0,0.0,0.0
122,Wu Chengshu,FW|MF,CN,China PR,26,1996,2.5,0,2,1,0.0,0.0
123,Remina Chiba,MF,JP,Japan,24,1999,0,0,1,0,0.0,0.0
124,Alex Chidiac,MF,AU,Australia,24,1999,0.3,0,2,1,0.0,0.0
125,Priscila Chinchilla,FW|MF,CR,Costa Rica,21,2001,3,0,0,0,0.0,0.0
126,Avell Chitundu,MF|FW,ZM,Zambia,25,1997,1.7,0,3,0,0.0,0.0
127,Lene Christensen,GK,DK,Denmark,23,2000,4,0,0,0,0.0,0.0
128,Laia Codina,DF,ES,Spain,23,2000,3.6,1,3,1,0.333,1.0
129,Cata Coll,GK,ES,Spain,22,2001,4.3,0,0,0,0.0,0.0
130,Aldana Cometti,DF,AR,Argentina,27,1996,3,0,0,0,0.0,0.0
131,Megan Connolly,DF,IE,Rep. of Ireland,26,1997,3,0,1,0,0.0,0.0
132,Laura Coombs,MF,EN,England,32,1991,1.1,0,3,0,0.0,0.0
133,Kyra Cooney-Cross,MF,AU,Australia,21,2002,7.3,0,5,2,0.0,0.0
134,Vanina Correa,GK,AR,Argentina,39,1983,3,0,0,0,0.0,0.0
135,Carole Costa,DF,PT,Portugal,33,1990,3,0,2,0,0.0,0.0
136,María Coto,DF|MF,CR,Costa Rica,25,1998,3,0,3,0,0.0,0.0
137,Jessika Cowart,DF,PH,Philippines,23,1999,2.9,0,1,0,0.0,0.0
138,Marta Cox,MF|FW,PA,Panama,25,1997,2.9,1,8,4,0.125,0.25
139,Ana-Maria Crnogorčević,FW|MF,CH,Switzerland,32,1990,4,0,5,2,0.0,0.0
140,Julieta Cruz,DF,AR,Argentina,27,1996,1.3,0,0,0,0.0,0.0
141,Sara Däbritz,MF,DE,Germany,28,1995,2.7,0,3,0,0.0,0.0
142,Kenza Dali,MF,FR,France,31,1991,3.6,1,12,3,0.083,0.333
143,Rachel Daly,DF,EN,England,31,1991,6,1,12,7,0.083,0.143
144,Élisa De Almeida,DF,FR,France,25,1998,3.3,0,3,0,0.0,0.0
145,Debinha,FW,BR,Brazil,31,1991,2.6,1,5,2,0.2,0.5
146,Valeria del Campo,DF,CR,Costa Rica,23,2000,2,0,2,1,0.0,0.0
147,Athenea del Castillo,FW,ES,Spain,22,2000,0.9,0,2,0,0.0,0.0
148,Blessing Demehin,DF,NG,Nigeria,21,2002,4.3,0,0,0,0.0,0.0
149,Savannah Demelo,MF,US,USA,25,1998,1.2,0,3,1,0.0,0.0
150,Stefanie van der Gragt,DF,NL,Netherlands,30,1992,4.7,2,5,3,0.4,0.667
151,Karabo Dhlamini,DF,ZA,South Africa,21,2001,3,0,2,0,0.0,0.0
152,Lucia Di Guglielmo,DF,IT,Italy,25,1997,2.3,0,1,0,0.0,0.0
153,Kadidiatou Diani,FW,FR,France,28,1995,5,4,17,3,0.235,1.333
154,Caitlin Dijkstra,MF|DF,NL,Netherlands,24,1999,0.5,0,0,0,0.0,0.0
155,Daphne van Domselaar,GK,NL,Netherlands,23,2000,5.3,0,0,0,0.0,0.0
156,Merel van Dongen,FW,NL,Netherlands,30,1993,0.1,0,0,0,0.0,0.0
157,Daniëlle van de Donk,MF,NL,Netherlands,31,1991,3.2,1,6,5,0.167,0.2
158,Sara Doorsoun,DF,DE,Germany,31,1991,1.5,0,0,0,0.0,0.0
159,Giulia Dragoni,MF,IT,Italy,16,2006,2.6,0,1,0,0.0,0.0
160,Melchie Dumornay,MF,HT,Haiti,19,2003,2.5,0,4,2,0.0,0.0
161,Nguyễn Thị Tuyết Dung,MF,VN,Vietnam,29,1993,0.8,0,0,0,0.0,0.0
162,Crystal Dunn,DF,US,USA,30,1992,4.2,0,1,0,0.0,0.0
163,Solène Durand,GK,FR,France,28,1994,0,0,0,0,0.0,0.0
164,Francesca Durante,GK,IT,Italy,26,1997,3,0,0,0,0.0,0.0
165,Mary Earps,GK,EN,England,30,1993,7.3,0,0,0,0.0,0.0
166,Onome Ebi,DF|MF,NG,Nigeria,40,1983,0.1,0,0,0,0.0,0.0
167,Jennifer Echegini,MF|FW,NG,Nigeria,22,2001,0.5,0,0,0,0.0,0.0
168,Sara Eggesvik,MF,PH,Philippines,26,1997,2.5,0,1,0,0.0,0.0
169,Emily van Egmond,FW|MF,AU,Australia,29,1993,4,1,9,2,0.111,0.5
170,Damaris Egurrola,MF,NL,Netherlands,23,1999,1.9,0,3,0,0.0,0.0
171,Amalie Eikeland,FW,NO,Norway,27,1995,0.6,0,1,0,0.0,0.0
172,Roseline Éloissaint,FW,HT,Haiti,24,1999,1.4,0,3,1,0.0,0.0
173,Telma Encarnação,FW,PT,Portugal,21,2001,1.1,1,8,5,0.125,0.2
174,Jun Endō,MF|DF,JP,Japan,23,2000,3.3,1,2,1,0.5,1.0
175,Bethany England,FW|MF,EN,England,29,1994,0.6,0,2,0,0.0,0.0
176,Khadija Er-Rmichi,GK,MA,Morocco,33,1989,4,0,0,0,0.0,0.0
177,Magdalena Eriksson,DF,SE,Sweden,29,1993,7.3,0,7,0,0.0,0.0
178,Julie Ertz,DF,US,USA,31,1992,4.3,0,9,2,0.0,0.0
179,Rebeca Espinosa,DF,PA,Panama,30,1992,0.3,0,0,0,0.0,0.0
180,Victoria Esson,GK,NZ,New Zealand,32,1991,3,0,1,0,0.0,0.0
181,Dani Étienne,MF,HT,Haiti,22,2001,0.1,0,0,0,0.0,0.0
182,Jeon Eun-ha,FW,KR,Korea Republic,30,1993,0.2,0,1,0,0.0,0.0
183,Park Eun-sun,FW|MF,KR,Korea Republic,36,1986,1.3,0,3,0,0.0,0.0
184,Niamh Fahey,DF,IE,Rep. of Ireland,35,1987,3,0,1,0,0.0,0.0
185,Daiana Falfán,MF,AR,Argentina,22,2000,1.9,0,0,0,0.0,0.0
186,Jennifer Falk,GK,SE,Sweden,30,1993,1,0,0,0,0.0,0.0
187,Sinead Farrelly,FW|MF,IE,Rep. of Ireland,33,1989,2.4,0,3,1,0.0,0.0
188,Laurina Fazer,MF,FR,France,19,2003,0.3,0,0,0,0.0,0.0
189,Naomie Feller,FW,FR,France,21,2001,0.1,0,0,0,0.0,0.0
190,Isabella Flanigan,MF|FW,PH,Philippines,18,2005,1.2,0,0,0,0.0,0.0
191,Jessie Fleming,MF,CA,Canada,25,1998,2,0,0,0,0.0,0.0
192,Caitlin Foord,MF|FW,AU,Australia,28,1994,7.3,1,16,2,0.062,0.5
193,Mary Fowler,FW,AU,Australia,20,2003,6.3,1,13,3,0.077,0.333
194,Emily Fox,DF,US,USA,24,1998,4.2,0,2,0,0.0,0.0
195,Laura Freigang,MF,DE,Germany,25,1998,0.1,0,1,0,0.0,0.0
196,Carleigh Frilles,FW,PH,Philippines,21,2002,0.1,0,1,0,0.0,0.0
197,Merle Frohms,GK,DE,Germany,28,1995,3,0,0,0,0.0,0.0
198,Aoba Fujino,FW|MF,JP,Japan,19,2004,4,1,13,4,0.077,0.25
199,Chun Ga-ram,MF,KR,Korea Republic,20,2002,0.7,0,1,0,0.0,0.0
200,Gabi Nunes,FW,BR,Brazil,26,1997,0.4,0,0,0,0.0,0.0
201,Rocío Gálvez,DF,ES,Spain,26,1997,1,0,0,0,0.0,0.0
202,Bongeka Gamede,MF|DF,ZA,South Africa,24,1999,4,0,2,0,0.0,0.0
203,Mille Gejl,FW|MF,DK,Denmark,23,1999,0.6,0,1,1,0.0,0.0
204,Lee Geum-min,MF|FW,KR,Korea Republic,29,1994,2,0,3,1,0.0,0.0
205,Luna Gevitz,DF,DK,Denmark,29,1994,0,0,0,0,0.0,0.0
206,Grace Geyoro,MF,FR,France,25,1997,4.8,0,2,1,0.0,0.0
207,Geyse,FW|MF,BR,Brazil,25,1998,1.1,0,3,0,0.0,0.0
208,Valentina Giacinti,FW,IT,Italy,29,1994,2,0,8,3,0.0,0.0
209,Vanessa Gilles,DF,CA,Canada,27,1996,3,0,4,0,0.0,0.0
210,Natalia Giraldo,GK,CO,Colombia,20,2003,0.3,0,0,0,0.0,0.0
211,Cristiana Girelli,MF,IT,Italy,33,1990,0.4,1,4,2,0.25,0.5
212,Naomi Girma,DF,US,USA,23,2000,4.3,0,0,0,0.0,0.0
213,Manuela Giugliano,MF,IT,Italy,25,1997,3,0,4,0,0.0,0.0
214,Benedetta Glionna,DF,IT,Italy,23,1999,0,0,1,0,0.0,0.0
215,Diana Gomes,DF,PT,Portugal,24,1998,2,0,1,0,0.0,0.0
216,Camila Gómez Ares,MF,AR,Argentina,28,1994,0.8,0,0,0,0.0,0.0
217,Esther González,FW,ES,Spain,30,1992,2.6,1,17,5,0.059,0.2
218,Schiandra González,MF,PA,Panama,27,1995,2.2,0,4,0,0.0,0.0
219,Katrina Gorry,MF,AU,Australia,30,1992,6.9,0,11,2,0.0,0.0
220,Caroline Graham Hansen,FW,NO,Norway,28,1995,3.3,1,10,2,0.1,0.5
221,Paulina Gramaglia,FW,AR,Argentina,20,2003,0.7,0,0,0,0.0,0.0
222,Cristín Granados,MF,CR,Costa Rica,33,1989,1.1,0,0,0,0.0,0.0
223,Charlotte Grant,MF,AU,Australia,21,2001,0,0,0,0,0.0,0.0
224,Alex Greenwood,DF,EN,England,29,1993,7.3,0,0,0,0.0,0.0
225,Giada Greggi,MF|FW,IT,Italy,23,2000,0.8,0,2,1,0.0,0.0
226,Jackie Groenen,MF,NL,Netherlands,28,1994,5,0,0,0,0.0,0.0
227,Julia Grosso,MF,CA,Canada,22,2000,1.9,0,3,0,0.0,0.0
228,Irene Guerrero,MF,ES,Spain,26,1996,0.9,0,3,0,0.0,0.0
229,Gabriela Guillén,MF,CR,Costa Rica,31,1992,0.5,0,1,0,0.0,0.0
230,Katrina Guillou,FW|MF,PH,Philippines,29,1993,3,0,3,0,0.0,0.0
231,Ana María Guzmán,DF,CO,Colombia,18,2005,1.9,0,1,0,0.0,0.0
232,Emilie Haavi,FW,NO,Norway,30,1992,2.8,0,5,2,0.0,0.0
233,Chantal Hagel,DF,DE,Germany,24,1998,2,0,1,0,0.0,0.0
234,Phạm Hải Yến,FW,VN,Vietnam,28,1994,1,0,1,0,0.0,0.0
235,Wu Haiyan,DF,CN,China PR,30,1993,0.2,0,0,0,0.0,0.0
236,Hanane Aït El Haj,DF,MA,Morocco,28,1994,4,0,2,1,0.0,0.0
237,Maika Hamano,DF,JP,Japan,19,2004,0,0,1,0,0.0,0.0
238,Jacqui Hand,FW,NZ,New Zealand,24,1999,3,0,3,1,0.0,0.0
239,Tuva Hansen,DF,NO,Norway,25,1997,3.6,0,3,1,0.0,0.0
240,Pernille Harder,MF|FW,DK,Denmark,30,1992,4,1,10,4,0.1,0.25
241,Sofia Harrison,DF,PH,Philippines,24,1999,2.1,0,1,0,0.0,0.0
242,Mathilde Harviken,DF,NO,Norway,21,2001,3.9,0,0,0,0.0,0.0
243,Josefine Hasbo,MF,DK,Denmark,21,2001,2.1,0,3,0,0.0,0.0
244,Yui Hasegawa,MF,JP,Japan,26,1997,4.4,0,6,3,0.0,0.0
245,Betsy Hassett,MF,NZ,New Zealand,32,1990,1.8,0,2,0,0.0,0.0
246,Honoka Hayashi,MF,JP,Japan,25,1998,1.9,1,3,1,0.333,1.0
247,Ada Hegerberg,FW,NO,Norway,27,1995,1.2,0,5,0,0.0,0.0
248,Marina Hegering,DF,DE,Germany,33,1990,1,0,0,0,0.0,0.0
249,Lauren Hemp,FW,EN,England,22,2000,5.8,3,13,7,0.231,0.429
250,Kathrin Hendrich,DF,DE,Germany,31,1992,3,0,0,0,0.0,0.0
251,Jennifer Hermoso,MF|FW,ES,Spain,33,1990,7.2,3,19,6,0.158,0.5
252,Erika Hernández,FW,PA,Panama,24,1999,0.4,0,0,0,0.0,0.0
253,Oihane Hernández,DF|FW,ES,Spain,23,2000,3.4,0,1,0,0.0,0.0
254,Melissa Herrera,FW|MF,CR,Costa Rica,26,1996,3,1,5,1,0.2,1.0
255,Karen Holmgaard,MF,DK,Denmark,24,1999,3.7,0,2,0,0.0,0.0
256,Sibulele Holweni,DF|MF,ZA,South Africa,22,2001,1.4,0,1,0,0.0,0.0
257,Lindsey Horan,MF,US,USA,29,1994,4.3,2,12,4,0.167,0.5
258,Xu Huan,GK,CN,China PR,24,1999,1,0,0,0,0.0,0.0
259,Sofia Huerta,DF,US,USA,30,1992,0.1,0,0,0,0.0,0.0
260,Jordyn Huitema,FW,CA,Canada,22,2001,2.5,0,12,4,0.0,0.0
261,Fabienne Humm,FW,CH,Switzerland,36,1986,0.2,0,1,0,0.0,0.0
262,Clare Hunt,DF,AU,Australia,24,1999,7.3,0,1,0,0.0,0.0
263,Lina Hurtig,FW|MF,SE,Sweden,27,1995,1.3,0,1,0,0.0,0.0
264,Svenja Huth,DF,DE,Germany,32,1991,3,0,0,0,0.0,0.0
265,Son Hwa-yeon,FW,KR,Korea Republic,26,1997,1.2,0,2,0,0.0,0.0
266,Hong Hye-ji,DF,KR,Korea Republic,26,1996,0.9,0,1,0,0.0,0.0
267,Kim Hye-ri,DF,KR,Korea Republic,32,1990,3,0,0,0,0.0,0.0
268,Choo Hyo-joo,DF|FW,KR,Korea Republic,22,2000,2.5,0,1,0,0.0,0.0
269,Sara Hørte,MF,NO,Norway,22,2000,0,0,1,0,0.0,0.0
270,Amanda Ilestedt,DF,SE,Sweden,30,1993,7,4,9,6,0.444,0.667
271,Dalila Ippólito,MF,AR,Argentina,21,2002,0.2,0,0,0,0.0,0.0
272,Rion Ishikawa,DF,JP,Japan,19,2003,1,0,0,0,0.0,0.0
273,Andreia Jacinto,MF,PT,Portugal,21,2002,1.4,0,5,0,0.0,0.0
274,Hilary Jaén,DF,PA,Panama,20,2002,1.5,0,0,0,0.0,0.0
275,Sofia Jakobsson,FW|MF,SE,Sweden,33,1990,1.5,0,2,2,0.0,0.0
276,Grace Jale,FW|MF,NZ,New Zealand,24,1999,0.3,0,1,1,0.0,0.0
277,Lauren James,MF|FW,EN,England,21,2001,3.7,3,9,6,0.333,0.5
278,Refiloe Jane,MF,ZA,South Africa,30,1992,1.3,0,1,0,0.0,0.0
279,Madelen Janogy,MF,SE,Sweden,27,1995,1.5,0,0,0,0.0,0.0
280,Renate Jansen,FW,NL,Netherlands,32,1990,0,0,0,0,0.0,0.0
281,Dominique Janssen,DF,NL,Netherlands,28,1995,5.3,0,4,0,0.0,0.0
282,Sherly Jeudy,MF,HT,Haiti,24,1998,3,0,1,0,0.0,0.0
283,Lou Jiahui,FW,CN,China PR,32,1991,2.2,0,1,1,0.0,0.0
284,Tang Jiali,FW,CN,China PR,28,1995,0,0,0,0,0.0,0.0
285,Dou Jiaxing,DF,CN,China PR,23,2000,0.1,0,0,0,0.0,0.0
286,Darlina Joseph,FW,HT,Haiti,19,2003,0,0,0,0,0.0,0.0
287,Shwendesky Joseph,MF,HT,Haiti,25,1997,0,0,0,0,0.0,0.0
288,Tabita Joseph,DF,HT,Haiti,19,2003,3,0,1,0,0.0,0.0
289,Ibtissam Jraïdi,FW,MA,Morocco,30,1992,2.8,1,5,3,0.2,0.333
290,Kim Jung-mi,GK,KR,Korea Republic,38,1984,2,0,0,0,0.0,0.0
291,Anna Jøsendal,FW,NO,Norway,22,2001,0.1,0,2,2,0.0,0.0
292,Uchenna Kanu,FW,NG,Nigeria,25,1997,2.5,1,6,2,0.167,0.5
293,Wieke Kaptein,MF,NL,Netherlands,17,2005,0.5,0,1,0,0.0,0.0
294,Sakina Karchaoui,DF,FR,France,27,1996,4.3,0,2,1,0.0,0.0
295,Sarah Kassi,DF|MF,MA,Morocco,19,2003,1.5,0,0,0,0.0,0.0
296,Kathellen,DF,BR,Brazil,27,1996,1,0,0,0,0.0,0.0
297,Evarine Katongo,MF,ZM,Zambia,20,2002,2.6,0,0,0,0.0,0.0
298,Chloe Kelly,FW,EN,England,25,1998,3.2,1,7,3,0.143,0.333
299,Alanna Kennedy,DF,AU,Australia,28,1995,5.3,1,7,1,0.143,1.0
300,Kerolin,MF,BR,Brazil,23,1999,3,0,7,0,0.0,0.0
301,Sam Kerr,FW,AU,Australia,29,1993,2.9,1,10,3,0.1,0.333
302,Melinda Kgadiete,FW|MF,ZA,South Africa,30,1992,0.1,0,0,0,0.0,0.0
303,Thembi Kgatlana,FW,ZA,South Africa,27,1996,3.9,2,19,9,0.105,0.222
304,Nomi Kgoale,MF,ZA,South Africa,27,1995,0.9,0,1,0,0.0,0.0
305,Kathrine Kühl,MF,DK,Denmark,19,2003,3.4,0,4,1,0.0,0.0
306,Saki Kumagai,DF,JP,Japan,32,1990,5,0,1,1,0.0,0.0
307,Racheal Kundananji,MF|FW,ZM,Zambia,23,2000,3,1,8,5,0.125,0.2
308,Cloé Lacasse,FW,CA,Canada,29,1993,1.4,0,4,0,0.0,0.0
309,Anissa Lahmari,FW,MA,Morocco,26,1997,2.2,1,2,1,0.5,1.0
310,Maëlle Lakrar,DF,FR,France,23,2000,4.3,1,9,2,0.111,0.5
311,Abbie Larkin,FW|MF,IE,Rep. of Ireland,18,2005,0.9,0,2,0,0.0,0.0
312,Mariana Larroquette,FW,AR,Argentina,30,1992,2.6,0,6,1,0.0,0.0
313,Lena Lattwein,MF,DE,Germany,23,2000,0.6,0,1,1,0.0,0.0
314,Lauren,DF,BR,Brazil,20,2002,2,0,1,0,0.0,0.0
315,Rose Lavelle,MF,US,USA,28,1995,1.8,0,3,1,0.0,0.0
316,Ashley Lawrence,DF,CA,Canada,28,1995,3,0,1,0,0.0,0.0
317,Léa Le Garrec,MF,FR,France,29,1993,1,1,5,2,0.2,0.5
318,Eugénie Le Sommer,FW,FR,France,34,1989,3.9,3,13,9,0.231,0.333
319,Alisha Lehmann,MF,CH,Switzerland,24,1999,0.5,0,1,0,0.0,0.0
320,Stina Lennartsson,DF,SE,Sweden,26,1997,1,0,0,0,0.0,0.0
321,Martina Lenzini,DF,IT,Italy,24,1998,0.4,0,0,0,0.0,0.0
322,Adriana Leon,FW,CA,Canada,30,1992,2,1,5,1,0.2,1.0
323,Letícia Izidoro,GK,BR,Brazil,28,1994,3,0,0,0,0.0,0.0
324,Melanie Leupolz,MF,DE,Germany,29,1994,0.7,0,0,0,0.0,0.0
325,Jennyfer Limage,DF,HT,Haiti,25,1997,0.3,0,0,0,0.0,0.0
326,Yang Lina,MF,CN,China PR,29,1994,3,0,4,1,0.0,0.0
327,Elena Linari,DF,IT,Italy,29,1994,3,0,2,1,0.0,0.0
328,Yao Lingwei,MF,CN,China PR,27,1995,1.9,0,0,0,0.0,0.0
329,Trần Thị Hải Linh,MF,VN,Vietnam,22,2001,2.3,0,2,0,0.0,0.0
330,Wang Linlin,FW,CN,China PR,22,2000,0,0,0,0,0.0,0.0
331,Zhang Linyan,MF|FW,CN,China PR,22,2001,3,0,4,2,0.0,0.0
332,Ruesha Littlejohn,MF,IE,Rep. of Ireland,32,1990,2.7,0,0,0,0.0,0.0
333,Sydney Lohmann,FW,DE,Germany,22,2000,0.3,0,2,0,0.0,0.0
334,Hali Long,DF,PH,Philippines,28,1995,3,0,1,0,0.0,0.0
335,Annalie Longo,MF,NZ,New Zealand,31,1991,1.2,0,2,0,0.0,0.0
336,Érica Lonigro,FW,AR,Argentina,28,1994,0.4,0,3,1,0.0,0.0
337,Batcheba Louis,FW,HT,Haiti,25,1997,2.7,0,2,1,0.0,0.0
338,Kethna Louis,DF,HT,Haiti,26,1996,3,0,1,0,0.0,0.0
339,Luana,MF,BR,Brazil,30,1993,2.7,0,6,2,0.0,0.0
340,Ireen Lungu,MF,ZM,Zambia,25,1997,1.8,0,0,0,0.0,0.0
341,Frida Maanum,MF,NO,Norway,23,1999,2.9,0,9,2,0.0,0.0
342,Rikke Madsen,FW|DF,DK,Denmark,25,1997,2.4,0,4,2,0.0,0.0
343,Hildah Magaia,FW|MF,ZA,South Africa,28,1994,3.6,2,6,4,0.333,0.5
344,Lina Magull,MF,DE,Germany,28,1994,1.4,0,2,0,0.0,0.0
345,Amel Majri,MF,FR,France,30,1993,1.2,0,2,0,0.0,0.0
346,Tiisetso Makhubela,DF|MF,ZA,South Africa,26,1997,1,0,0,0,0.0,0.0
347,Xiomara Mapepa,MF|FW,ZM,Zambia,,,1.3,0,0,0,0.0,0.0
348,Joana Marchão,DF,PT,Portugal,26,1996,1,0,2,0,0.0,0.0
349,Noelle Maritz,DF,CH,Switzerland,27,1995,4,0,1,0,0.0,0.0
350,Marta,FW|MF,BR,Brazil,37,1986,1.1,0,4,3,0.0,0.0
351,Lieke Martens,FW,NL,Netherlands,30,1992,5.3,1,21,8,0.048,0.125
352,Lara Marti,DF,CH,Switzerland,23,1999,0.1,0,0,0,0.0,0.0
353,Clara Matéo,FW|MF,FR,France,25,1997,1.7,0,2,0,0.0,0.0
354,Ruthny Mathurin,DF,HT,Haiti,22,2001,1.6,0,0,0,0.0,0.0
355,Noko Matlou,DF,ZA,South Africa,37,1985,2,0,0,0,0.0,0.0
356,Cheyna Matthews,MF|FW,JM,Jamaica,29,1993,1.6,0,2,1,0.0,0.0
357,Sandrine Mauron,MF,CH,Switzerland,26,1996,0.9,0,0,0,0.0,0.0
358,Miriam Mayorga,DF,AR,Argentina,33,1989,2,0,0,0,0.0,0.0
359,Bambanani Mbane,DF,ZA,South Africa,33,1990,3.5,0,1,1,0.0,0.0
360,Katie McCabe,MF|DF,IE,Rep. of Ireland,27,1995,3,1,6,2,0.167,0.5
361,Chandler McDaniel,FW,PH,Philippines,25,1998,0.3,0,0,0,0.0,0.0
362,Olivia McDaniel,GK,PH,Philippines,25,1997,3,0,0,0,0.0,0.0
363,Kayla McKenna,FW,JM,Jamaica,26,1996,0.9,0,0,0,0.0,0.0
364,Peyton McNamara,MF,JM,Jamaica,21,2002,0.2,0,1,1,0.0,0.0
365,Carolina Mendes,FW,PT,Portugal,35,1987,0.2,0,1,0,0.0,0.0
366,Li Mengwen,DF,CN,China PR,28,1995,2.8,0,1,0,0.0,0.0
367,Shen Mengyu,MF|FW,CN,China PR,21,2001,0.2,0,1,0,0.0,0.0
368,Kristie Mewis,MF,US,USA,32,1991,0,0,0,0,0.0,0.0
369,Moon Mi-ra,DF|FW,KR,Korea Republic,31,1992,0.6,0,1,0,0.0,0.0
370,Aurora Mikalsen,GK,NO,Norway,27,1996,4,0,0,0,0.0,0.0
371,Natalia Mills,MF|FW,PA,Panama,30,1993,0.7,0,0,0,0.0,0.0
372,Moeka Minami,DF,JP,Japan,24,1998,5,0,0,0,0.0,0.0
373,Shiori Miyake,DF,JP,Japan,27,1995,1,0,1,0,0.0,0.0
374,Hinata Miyazawa,FW|MF,JP,Japan,23,1999,3.7,5,13,6,0.385,0.833
375,Maren Mjelde,DF,NO,Norway,33,1989,4,0,2,1,0.0,0.0
376,Gift Monday,FW,NG,Nigeria,21,2001,0.3,0,0,0,0.0,0.0
377,Nérilia Mondésir,FW,HT,Haiti,24,1999,3,0,7,1,0.0,0.0
378,Mônica,DF,BR,Brazil,45,1978,0.1,0,1,0,0.0,0.0
379,Carmen Montenegro,MF|DF,PA,Panama,22,2000,0.9,0,0,0,0.0,0.0
380,Daniela Montoya,MF,CO,Colombia,32,1990,2.4,0,2,1,0.0,0.0
381,Robyn Moodaly,MF,ZA,South Africa,28,1994,0.5,0,1,0,0.0,0.0
382,Patrícia Morais,GK,PT,Portugal,30,1992,1,0,0,0,0.0,0.0
383,Alex Morgan,FW,US,USA,33,1989,3.8,0,16,4,0.0,0.0
384,Miyabi Moriya,MF|DF,JP,Japan,26,1996,0.4,0,0,0,0.0,0.0
385,Maudeline Moryl,MF,HT,Haiti,20,2003,0.5,0,0,0,0.0,0.0
386,Linda Motlhalo,MF|FW,ZA,South Africa,24,1998,3.6,1,4,2,0.25,0.5
387,Yasmin Mrabet,DF,MA,Morocco,23,1999,0.9,0,0,0,0.0,0.0
388,Hellen Mubanga,MF,ZM,Zambia,28,1995,0,0,0,0,0.0,0.0
389,Agness Musase,DF,ZM,Zambia,25,1997,3,0,0,0,0.0,0.0
390,Catherine Musonda,GK,ZM,Zambia,25,1998,2,0,0,0,0.0,0.0
391,Zećira Mušović,GK,SE,Sweden,27,1996,6.3,0,0,0,0.0,0.0
392,Lushomo Mweemba,DF,ZM,Zambia,22,2001,2.7,1,1,1,1.0,1.0
393,Lê Thị Diễm My,DF,VN,Vietnam,26,1996,3,0,0,0,0.0,0.0
394,Alyssa Naeher,GK,US,USA,35,1988,4.3,0,0,0,0.0,0.0
395,Fūka Nagano,MF,JP,Japan,24,1999,3.7,0,2,1,0.0,0.0
396,Élodie Nakkach,MF,MA,Morocco,28,1995,3.5,0,1,0,0.0,0.0
397,Hikaru Naomoto,MF|FW,JP,Japan,29,1994,2,1,7,4,0.143,0.25
398,Wendy Natis,DF,PA,Panama,20,2002,2.2,0,2,1,0.0,0.0
399,Eva Navarro,FW,ES,Spain,22,2001,1.6,0,4,2,0.0,0.0
400,Kika Nazareth,MF,PT,Portugal,20,2002,1.7,1,5,2,0.2,0.5
401,Courtney Nevin,DF,AU,Australia,21,2002,0.2,0,0,0,0.0,0.0
402,Nguyễn Thị Thanh Nhã,MF,VN,Vietnam,21,2001,2,0,1,0,0.0,0.0
403,Huỳnh Như,FW,VN,Vietnam,31,1991,2,0,0,0,0.0,0.0
404,Chiamaka Nnadozie,GK,NG,Nigeria,22,2000,4.3,0,0,0,0.0,0.0
405,Andreia Norton,MF,PT,Portugal,26,1996,2,0,2,0,0.0,0.0
406,Aniek Nouwen,DF,NL,Netherlands,24,1999,0.9,0,0,0,0.0,0.0
407,Romina Núñez,MF|FW,AR,Argentina,29,1994,2.3,1,2,1,0.5,1.0
408,Sjoeke Nüsken,DF,DE,Germany,22,2001,0.5,0,0,0,0.0,0.0
409,Áine O'Gorman,MF,IE,Rep. of Ireland,34,1989,0.6,0,0,0,0.0,0.0
410,Kelley O'Hara,DF,US,USA,34,1988,0.1,0,0,0,0.0,0.0
411,Denise O'Sullivan,MF,IE,Rep. of Ireland,29,1994,3,0,4,0,0.0,0.0
412,Lena Oberdorf,MF,DE,Germany,21,2001,2,0,4,1,0.0,0.0
413,Glory Ogbonna,DF,NG,Nigeria,24,1998,0.2,0,0,0,0.0,0.0
414,Osinachi Ohale,DF,NG,Nigeria,31,1991,4.3,1,1,1,1.0,1.0
415,Esther Okoronkwo,FW,NG,Nigeria,26,1997,0.4,0,0,0,0.0,0.0
416,Ifeoma Onumonu,FW,NG,Nigeria,29,1994,2.5,0,5,1,0.0,0.0
417,Desire Oparanozie,FW,NG,Nigeria,29,1993,0.1,0,0,0,0.0,0.0
418,Francisca Ordega,FW|MF,NG,Nigeria,29,1993,1.2,0,2,0,0.0,0.0
419,Benedetta Orsi,DF,IT,Italy,23,2000,1,0,0,0,0.0,0.0
420,Ochumba Oseke,MF,ZM,Zambia,21,2001,0.4,0,0,0,0.0,0.0
421,Asisat Oshoala,FW,NG,Nigeria,28,1994,2.7,1,10,3,0.1,0.333
422,Diana Ospina,MF,CO,Colombia,34,1989,2.5,0,3,1,0.0,0.0
423,Sakina Ouzraoui,MF,MA,Morocco,21,2001,4,0,1,0,0.0,0.0
424,Salma Paralluelo,FW,ES,Spain,19,2003,5.1,2,19,6,0.105,0.333
425,Irene Paredes,DF,ES,Spain,31,1991,7.3,0,9,1,0.0,0.0
426,María Paula Elizondo,DF|MF,CR,Costa Rica,24,1998,1.6,0,0,0,0.0,0.0
427,Heather Payne,MF|DF,IE,Rep. of Ireland,23,2000,1.9,0,1,0,0.0,0.0
428,Toni Payne,MF,NG,Nigeria,28,1995,4.2,0,3,0,0.0,0.0
429,Victoria Pelova,FW|MF,NL,Netherlands,24,1999,4.8,0,1,0,0.0,0.0
430,Ria Percival,MF,NZ,New Zealand,33,1989,2.7,0,3,1,0.0,0.0
431,Inês Pereira,GK,PT,Portugal,24,1999,2,0,0,0,0.0,0.0
432,Catalina Pérez,GK,CO,Colombia,28,1994,4.7,0,0,0,0.0,0.0
433,María Pérez,MF,ES,Spain,21,2001,0.3,0,0,0,0.0,0.0
434,Ève Périsset,DF,FR,France,28,1994,2.9,0,2,0,0.0,0.0
435,Betina Petit-Frère,DF,HT,Haiti,19,2003,3,0,0,0,0.0,0.0
436,Pauline Peyraud-Magnin,GK,FR,France,31,1992,5.3,0,0,0,0.0,0.0
437,Casey Phair,FW|DF,KR,Korea Republic,15,2007,1.2,0,2,1,0.0,0.0
438,Vast Phiri,DF,ZM,Zambia,27,1996,0.3,0,0,0,0.0,0.0
439,Dayana Pierre-Louis,MF,HT,Haiti,19,2003,2.6,0,0,0,0.0,0.0
440,Alexandra Pinell,MF,CR,Costa Rica,20,2002,0.2,0,0,0,0.0,0.0
441,Fátima Pinto,MF,PT,Portugal,27,1996,1,0,1,0,0.0,0.0
442,Tatiana Pinto,MF,PT,Portugal,29,1994,3,0,0,0,0.0,0.0
443,Yomira Pinzón,DF,PA,Panama,26,1996,3,1,0,0,0.0,0.0
444,Seraina Piubel,MF|FW,CH,Switzerland,23,2000,3.7,1,5,3,0.2,0.333
445,Ashleigh Plumptre,DF,NG,Nigeria,25,1998,4.2,0,5,1,0.0,0.0
446,Clare Polkinghorne,DF,AU,Australia,34,1989,2,0,3,1,0.0,0.0
447,Alexandra Popp,FW|MF,DE,Germany,32,1991,2.9,4,14,7,0.286,0.571
448,Atlanta Primus,MF|FW,JM,Jamaica,26,1997,3.2,0,6,0,0.0,0.0
449,Nichelle Prince,FW,CA,Canada,28,1995,0.1,0,0,0,0.0,0.0
450,Alexia Putellas,MF,ES,Spain,29,1994,2.4,0,5,1,0.0,0.0
451,Chen Qiaozhu,DF,CN,China PR,23,1999,3,0,2,1,0.0,0.0
452,Quinley Quezada,MF,PH,Philippines,26,1997,2.4,0,0,0,0.0,0.0
453,Quinn,MF,CA,Canada,27,1995,2.9,0,2,0,0.0,0.0
454,Louise Quinn,DF,IE,Rep. of Ireland,32,1990,3,0,2,0,0.0,0.0
455,Lucy Quinn,FW,IE,Rep. of Ireland,29,1993,0.8,0,0,0,0.0,0.0
456,Aldrith Quintero,MF,PA,Panama,21,2002,2.2,0,1,0,0.0,0.0
457,Rafaelle,DF,BR,Brazil,31,1991,3,0,1,0,0.0,0.0
458,Lebohang Ramalepe,DF,ZA,South Africa,31,1991,4,0,0,0,0.0,0.0
459,Mayra Ramírez,FW,CO,Colombia,24,1999,5,0,12,2,0.0,0.0
460,Mónica Ramos,DF,CO,Colombia,24,1998,0,0,0,0,0.0,0.0
461,Dominique Randle,DF|MF,PH,Philippines,28,1994,0.6,0,0,0,0.0,0.0
462,Megan Rapinoe,FW,US,USA,37,1985,0.9,0,4,0,0.0,0.0
463,Hayley Raso,MF,AU,Australia,28,1994,6.2,3,10,6,0.3,0.5
464,Felicitas Rauch,DF,DE,Germany,27,1996,1,0,1,0,0.0,0.0
465,Sílvia Rebelo,DF,PT,Portugal,34,1989,0,0,0,0,0.0,0.0
466,Alba Redondo,FW,ES,Spain,26,1996,4.4,3,17,8,0.176,0.375
467,Zineb Redouani,DF,MA,Morocco,23,2000,4,0,1,1,0.0,0.0
468,Guro Reiten,MF,NO,Norway,28,1994,4,2,8,3,0.25,0.667
469,Wendie Renard,DF,FR,France,32,1990,4.3,1,4,1,0.25,1.0
470,Gabi Rennie,FW,NZ,New Zealand,21,2001,0.1,0,0,0,0.0,0.0
471,Marcela Restrepo,MF|FW,CO,Colombia,24,1999,0.2,0,0,0,0.0,0.0
472,Géraldine Reuteler,MF,CH,Switzerland,24,1999,3.1,0,3,2,0.0,0.0
473,Marion Rey,MF,CH,Switzerland,24,1999,0,0,0,0,0.0,0.0
474,Nadine Riesen,DF,CH,Switzerland,23,2000,2.9,0,1,0,0.0,0.0
475,Ali Riley,DF,NZ,New Zealand,35,1987,3,0,0,0,0.0,0.0
476,Indiah-Paige Riley,MF|FW,NZ,New Zealand,21,2001,2,0,3,1,0.0,0.0
477,Karla Riley,FW,PA,Panama,25,1997,0.9,0,0,0,0.0,0.0
478,Jayde Riviere,DF,CA,Canada,22,2001,2.3,0,0,0,0.0,0.0
479,Trinity Rodman,FW,US,USA,21,2002,2.6,0,7,3,0.0,0.0
480,Misa Rodríguez,GK,ES,Spain,23,1999,3,0,0,0,0.0,0.0
481,Raquel Rodríguez,MF,CR,Costa Rica,29,1993,1.3,0,1,0,0.0,0.0
482,Yamila Rodríguez,FW|MF,AR,Argentina,25,1998,0.6,0,1,0,0.0,0.0
483,Fridolina Rolfö,FW|MF,SE,Sweden,29,1993,5.5,3,10,3,0.3,1.0
484,Sophie Román Haug,FW,NO,Norway,24,1999,2.8,3,13,6,0.231,0.5
485,Jill Roord,MF,NL,Netherlands,26,1997,4.6,4,18,7,0.222,0.571
486,Deanne Rose,FW,CA,Canada,24,1999,1,0,1,1,0.0,0.0
487,Elin Rubensson,MF,SE,Sweden,30,1993,6.4,1,6,1,0.167,1.0
488,Zhang Rui,MF,CN,China PR,34,1989,1.3,0,2,0,0.0,0.0
489,Alessia Russo,FW,EN,England,24,1999,5.8,3,22,12,0.136,0.25
490,Ana Rute,MF,PT,Portugal,25,1998,0,0,1,0,0.0,0.0
491,Johanna Rytting Kaneryd,FW|DF,SE,Sweden,26,1997,5.6,0,2,1,0.0,0.0
492,Adriana Sachs,DF,AR,Argentina,29,1993,1,0,0,0,0.0,0.0
493,Eunice Sakala,GK,ZM,Zambia,21,2002,1,0,0,0,0.0,0.0
494,María Paula Salas,FW,CR,Costa Rica,20,2002,1.8,0,1,0,0.0,0.0
495,Deysiré Salazar,MF,PA,Panama,19,2004,1.3,0,0,0,0.0,0.0
496,Gabriela Salgado,MF,ZA,South Africa,25,1998,0.4,0,0,0,0.0,0.0
497,Cecilia Salvai,DF,IT,Italy,29,1993,2,0,0,0,0.0,0.0
498,Duda Sampaio,MF,BR,Brazil,22,2001,0.3,0,2,0,0.0,0.0
499,Vyan Sampson,MF,JM,Jamaica,26,1996,3.9,0,2,1,0.0,0.0
500,Anna Sandberg,DF,SE,Sweden,20,2003,1,0,1,0,0.0,0.0
501,Leicy Santos,MF|FW,CO,Colombia,27,1996,4.2,1,9,3,0.111,0.333
502,Paige Satchell,FW,NZ,New Zealand,25,1998,0.1,0,0,0,0.0,0.0
503,Jaclyn Sawicki,MF,PH,Philippines,30,1992,2.8,0,0,0,0.0,0.0
504,Sophie Schmidt,MF,CA,Canada,34,1988,1.2,0,3,1,0.0,0.0
505,Olivia Schough,FW|MF,SE,Sweden,32,1991,1.4,0,3,1,0.0,0.0
506,Lea Schüller,FW|MF,DE,Germany,25,1997,1.6,1,4,1,0.25,1.0
507,Sheika Scott,FW,CR,Costa Rica,16,2006,1.3,0,3,0,0.0,0.0
508,Caroline Seger,MF,SE,Sweden,38,1985,0.8,0,1,1,0.0,0.0
509,Ana Seiça,DF,PT,Portugal,22,2001,1,0,0,0,0.0,0.0
510,Kiko Seike,DF|MF,JP,Japan,26,1996,0.5,0,3,2,0.0,0.0
511,Jang Sel-gi,DF,KR,Korea Republic,29,1994,3,0,1,0,0.0,0.0
512,Linda Sembrant,DF|FW,SE,Sweden,36,1987,0.3,0,0,0,0.0,0.0
513,Shim Seo-yeon,DF,KR,Korea Republic,34,1989,3,0,0,0,0.0,0.0
514,Lim Seon-joo,DF,KR,Korea Republic,32,1990,1,0,0,0,0.0,0.0
515,Jermaine Seoposenwe,FW|MF,ZA,South Africa,29,1993,3.3,0,4,2,0.0,0.0
516,Meryll Serrano,MF,PH,Philippines,25,1997,0.3,0,0,0,0.0,0.0
517,Annamaria Serturini,FW,IT,Italy,25,1998,0.4,0,0,0,0.0,0.0
518,Rikke Sevecke,DF,DK,Denmark,26,1996,3.7,0,0,0,0.0,0.0
519,Wang Shanshan,DF,CN,China PR,33,1990,3,0,1,0,0.0,0.0
520,Khadija Shaw,FW,JM,Jamaica,26,1997,3,0,7,1,0.0,0.0
521,Kailen Sheridan,GK,CA,Canada,27,1995,3,0,0,0,0.0,0.0
522,Marissa Sheva,FW|DF,IE,Rep. of Ireland,26,1997,1.1,0,0,0,0.0,0.0
523,Risa Shimizu,MF|DF,JP,Japan,26,1996,4.6,1,5,1,0.2,1.0
524,Wendy Shongwe,FW,ZA,South Africa,20,2003,0.7,0,2,1,0.0,0.0
525,Wang Shuang,FW|MF,CN,China PR,28,1995,1.8,2,3,1,0.667,2.0
526,Diana Silva,FW,PT,Portugal,28,1995,1.9,0,0,0,0.0,0.0
527,Dolores Silva,MF,PT,Portugal,31,1991,1.7,0,0,0,0.0,0.0
528,Jéssica Silva,FW,PT,Portugal,28,1994,2.8,0,6,1,0.0,0.0
529,Kameron Simmonds,FW|MF,JM,Jamaica,19,2003,0.2,0,0,0,0.0,0.0
530,Christine Sinclair,FW|MF,CA,Canada,40,1983,1.8,0,3,2,0.0,0.0
531,Olivia Smith,MF,CA,Canada,18,2004,0.1,0,1,1,0.0,0.0
532,Sophia Smith,FW,US,USA,22,2000,4,2,13,4,0.154,0.5
533,Emma Snerle,FW,DK,Denmark,22,2001,0.1,0,1,0,0.0,0.0
534,Katja Snoeijs,FW,NL,Netherlands,26,1996,2.2,1,2,2,0.5,0.5
535,Cho So-hyun,MF,KR,Korea Republic,34,1988,2.7,1,3,1,0.333,1.0
536,Ji So-yun,MF,KR,Korea Republic,32,1991,3,0,4,1,0.0,0.0
537,Havana Solaun,FW,JM,Jamaica,30,1993,0.2,0,0,0,0.0,0.0
538,Daniela Solera,GK,CR,Costa Rica,25,1997,3,0,0,0,0.0,0.0
539,Emily Sonnett,MF,US,USA,29,1993,1.4,0,1,0,0.0,0.0
540,Coumba Sow,MF,CH,Switzerland,28,1994,3.5,0,4,2,0.0,0.0
541,Drew Spence,MF,JM,Jamaica,30,1992,4,0,7,1,0.0,0.0
542,Rebecca Spencer,GK,JM,Jamaica,32,1991,4,0,0,0,0.0,0.0
543,Sherida Spitse,DF,NL,Netherlands,33,1990,4.7,0,1,0,0.0,0.0
544,Eliana Stábile,DF,AR,Argentina,29,1993,3,0,1,0,0.0,0.0
545,Georgia Stanway,MF,EN,England,24,1999,6.8,1,8,2,0.125,0.5
546,Malia Steinmetz,MF,NZ,New Zealand,24,1999,3,0,5,1,0.0,0.0
547,Julia Stierli,DF,CH,Switzerland,26,1997,4,0,0,0,0.0,0.0
548,Rebekah Stott,DF,NZ,New Zealand,29,1993,2.4,0,1,0,0.0,0.0
549,Ngân Thị Vạn Sự,MF,VN,Vietnam,22,2001,0.8,0,0,0,0.0,0.0
550,Hina Sugita,DF|MF,JP,Japan,26,1997,1.6,0,0,0,0.0,0.0
551,Andi Sullivan,MF,US,USA,27,1995,4.3,0,4,0,0.0,0.0
552,Chelsea Surpris,DF,HT,Haiti,26,1996,1.1,0,0,0,0.0,0.0
553,Allyson Swaby,DF,JM,Jamaica,26,1996,4,1,1,1,1.0,1.0
554,Chantelle Swaby,DF,JM,Jamaica,24,1998,4,0,1,1,0.0,0.0
555,Kaylin Swart,GK,ZA,South Africa,28,1994,4,0,0,0,0.0,0.0
556,Ingrid Syrstad Engen,MF,NO,Norway,25,1998,2.3,0,3,1,0.0,0.0
557,Karina Sævik,FW|MF,NO,Norway,27,1996,0.8,0,2,1,0.0,0.0
558,Anja Sønstevold,DF,NO,Norway,30,1992,0.5,0,0,0,0.0,0.0
559,Nicoline Sørensen,FW|MF,DK,Denmark,25,1997,1.6,0,0,0,0.0,0.0
560,Fatima Tagnaout,MF,MA,Morocco,24,1999,3.6,0,1,1,0.0,0.0
561,Hana Takahashi,DF,JP,Japan,23,2000,3,0,0,0,0.0,0.0
562,Tamires,DF,BR,Brazil,35,1987,3,0,2,2,0.0,0.0
563,Mina Tanaka,FW,JP,Japan,29,1994,3,2,13,4,0.154,0.5
564,Riley Tanner,FW|MF,PA,Panama,23,1999,2.3,0,3,1,0.0,0.0
565,Martha Tembo,DF,ZM,Zambia,25,1998,3,0,1,0,0.0,0.0
566,Meriame Terchoun,FW|MF,CH,Switzerland,27,1995,0.6,0,3,2,0.0,0.0
567,Gaëlle Thalmann,GK,CH,Switzerland,37,1986,4,0,0,0,0.0,0.0
568,Trần Thị Kim Thanh,GK,VN,Vietnam,29,1993,2.5,0,0,0,0.0,0.0
569,Trần Thị Thu Thảo,DF,VN,Vietnam,30,1993,3,0,0,0,0.0,0.0
570,Kerly Théus,GK,HT,Haiti,24,1999,3,0,0,0,0.0,0.0
571,Khổng Thị Hằng,GK,VN,Vietnam,29,1993,0.5,0,0,0,0.0,0.0
572,Chương Thị Kiều,DF,VN,Vietnam,27,1995,1.2,0,0,0,0.0,0.0
573,Hoàng Thị Loan,DF,VN,Vietnam,28,1995,2.3,0,0,0,0.0,0.0
574,Thái Thị Thảo,MF,VN,Vietnam,28,1995,2,0,1,0,0.0,0.0
575,Trần Thị Thu,DF,VN,Vietnam,31,1991,3,0,1,0,0.0,0.0
576,Dương Thị Vân,MF,VN,Vietnam,28,1994,1.7,0,0,0,0.0,0.0
577,Alyssa Thompson,FW,US,USA,18,2004,0.2,0,0,0,0.0,0.0
578,Janni Thomsen,DF|FW,DK,Denmark,23,2000,3.9,0,2,0,0.0,0.0
579,Lương Thị Thu Thương,DF,VN,Vietnam,23,2000,1.8,0,0,0,0.0,0.0
580,Nguyễn Thị Bích Thùy,MF,VN,Vietnam,29,1994,2,0,4,2,0.0,0.0
581,Frederikke Thøgersen,FW,DK,Denmark,27,1995,0.2,0,0,0,0.0,0.0
582,Sandie Toletti,MF,FR,France,27,1995,3.4,0,4,1,0.0,0.0
583,Ella Toone,MF,EN,England,23,1999,4.9,1,4,2,0.25,0.5
584,Aïssatou Tounkara,DF,FR,France,28,1995,0,0,0,0,0.0,0.0
585,Sanne Troelsgaard Nielsen,MF,DK,Denmark,34,1988,0.3,1,1,1,1.0,1.0
586,Christy Ucheibe,MF,NG,Nigeria,22,2000,4.3,0,6,0,0.0,0.0
587,Riko Ueki,FW,JP,Japan,23,1999,2,2,10,5,0.2,0.4
588,Catalina Usme,FW|MF,CO,Colombia,33,1989,5,2,7,2,0.286,1.0
589,Emilie Valenciano,MF,CR,Costa Rica,26,1997,0.1,0,0,0,0.0,0.0
590,Kiki Van Zanten,MF,JM,Jamaica,21,2001,0.5,0,0,0,0.0,0.0
591,Manuela Vanegas,DF,CO,Colombia,22,2000,4,1,5,1,0.2,1.0
592,Amalie Vangsgaard,FW,DK,Denmark,26,1996,2.2,1,5,2,0.2,0.5
593,Rosario Vargas,DF,PA,Panama,20,2002,0.9,0,0,0,0.0,0.0
594,Katrine Veje,DF,DK,Denmark,31,1991,4,0,1,1,0.0,0.0
595,Evelyne Viens,FW,CA,Canada,26,1997,1.1,0,3,2,0.0,0.0
596,Fabiola Villalobos,DF,CR,Costa Rica,25,1998,3,0,4,1,0.0,0.0
597,Gloriana Villalobos,MF|FW,CR,Costa Rica,23,1999,2.1,0,2,1,0.0,0.0
598,Cortnee Vine,MF|DF,AU,Australia,25,1998,2.8,0,4,3,0.0,0.0
599,Ana Vitória,MF,BR,Brazil,23,2000,0.1,0,0,0,0.0,0.0
600,Keira Walsh,MF,EN,England,26,1997,5.7,0,2,0,0.0,0.0
601,Lia Wälti,MF,CH,Switzerland,30,1993,3.8,0,0,0,0.0,0.0
602,Solai Washington,MF|FW,JM,Jamaica,17,2005,0.4,0,1,0,0.0,0.0
603,Yao Wei,DF|MF,CN,China PR,25,1997,3,0,1,0,0.0,0.0
604,Hannah Wilkinson,FW,NZ,New Zealand,31,1992,2.8,1,8,2,0.125,0.5
605,Lynn Williams,FW,US,USA,30,1993,1.5,0,9,6,0.0,0.0
606,Lynn Wilms,DF|FW,NL,Netherlands,22,2000,0.7,0,0,0,0.0,0.0
607,Mary Wilombe,MF,ZM,Zambia,25,1997,0.8,0,0,0,0.0,0.0
608,Tiernny Wiltshire,DF,JM,Jamaica,25,1998,3,0,0,0,0.0,0.0
609,Zhang Xin,FW|MF,CN,China PR,31,1992,1.1,0,0,0,0.0,0.0
610,Tameka Yallop,MF,AU,Australia,31,1991,0.1,0,0,0,0.0,0.0
611,Ayaka Yamashita,GK,JP,Japan,27,1995,5,0,0,0,0.0,0.0
612,Gu Yasha,MF|FW,CN,China PR,32,1990,0.2,0,0,0,0.0,0.0
613,Yoon Young-geul,GK,KR,Korea Republic,35,1987,1,0,0,0,0.0,0.0
614,Lee Young-ju,MF,KR,Korea Republic,31,1992,1,0,0,0,0.0,0.0
615,Zhu Yu,GK,CN,China PR,25,1997,2,0,0,0,0.0,0.0
616,Choe Yu-ri,MF|FW,KR,Korea Republic,28,1994,2.4,0,3,1,0.0,0.0
617,Shelina Zadorsky,DF,CA,Canada,30,1992,0.5,0,0,0,0.0,0.0
618,Katie Zelem,MF,EN,England,27,1996,1,0,0,0,0.0,0.0
619,Claudia Zornoza,MF,ES,Spain,32,1990,0.4,0,0,0,0.0,0.0
